<beans xmlns="http://www.springframework.org/schema/beans"
	xmlns:xsi="http://www.w3.org/2001/XMLSchema-instance" xmlns:context="http://www.springframework.org/schema/context"
	xmlns:tx="http://www.springframework.org/schema/tx"
	xmlns:jdbc="http://www.springframework.org/schema/jdbc" 
	xsi:schemaLocation="http://www.springframework.org/schema/beans
    				    http://www.springframework.org/schema/beans/spring-beans.xsd
                        http://www.springframework.org/schema/tx
                        http://www.springframework.org/schema/tx/spring-tx-3.2.xsd
        				http://www.springframework.org/schema/context 
        				http://www.springframework.org/schema/context/spring-context-3.2.xsd
        				http://www.springframework.org/schema/jdbc
						http://www.springframework.org/schema/jdbc/spring-jdbc-3.0.xsd">
        				

	<!-- Hibernate 5 XML SessionFactory Bean definition -->
	<bean id="SessionFactory"
		class="org.springframework.orm.hibernate5.LocalSessionFactoryBean">
		<property name="dataSource" ref="dataSource" />
		<property name="mappingResources">
			<list>
				<value>mappings/phonenumber.hbm.xml</value>
				<value>mappings/user.hbm.xml</value>
			</list>
		</property>
		<property name="hibernateProperties">
			<value>
				org.hibernate.dialect.H2Dialect
			</value>
		</property>
	</bean>

	<bean name="user" class="com.pckg.model.User"/>
	<bean name="userRepository" class="com.pckg.repository.UserRepositoryImpl">
		<property name="sessionFactory" ref="SessionFactory" />
		<property name="user" ref="user" />
	</bean>

	<bean name="userService" class="com.pckg.service.UserServiceImpl">
		<property name="userRepository" ref="userRepository" />
	</bean>

	<bean id="dataSource"
		class="org.springframework.jdbc.datasource.DriverManagerDataSource">
		<property name="driverClassName" value="org.h2.Driver" />
		<property name="url" value="jdbc:h2:mem:test123;DB_CLOSE_DELAY=-1" />
		<property name="username" value="sa" />
		<property name="password" value="" />
	</bean>
	<jdbc:embedded-database id="embedded" type="H2">
	<jdbc:script location="classpath:file.sql" />
	</jdbc:embedded-database>


</beans>
