<?xml version="1.0" encoding="UTF-8"?>
<beans xmlns="http://www.springframework.org/schema/beans"
	xmlns:xsi="http://www.w3.org/2001/XMLSchema-instance" xmlns:context="http://www.springframework.org/schema/context"
	xmlns:mvc="http://www.springframework.org/schema/mvc" xmlns:p="http://www.springframework.org/schema/p"
	xsi:schemaLocation="http://www.springframework.org/schema/mvc 
	                    http://www.springframework.org/schema/mvc/spring-mvc-3.2.xsd
		                http://www.springframework.org/schema/beans 
		                http://www.springframework.org/schema/beans/spring-beans.xsd
						http://www.springframework.org/schema/context 
						http://www.springframework.org/schema/context/spring-context-3.2.xsd">

	<bean name="/start" class="com.pckg.controller.Start">
	</bean>
	<bean name="/create" class="com.pckg.controller.Create">
		<property name="user_Service" ref="userService"/>
	</bean>
	
	<bean name="/search" class="com.pckg.controller.Search">
		<property name="user_Service" ref="userService"/>
	</bean>

	<bean name="/delete" class="com.pckg.controller.Delete">
		<property name="user_Service" ref="userService"/>
	</bean>
	
	<bean name="/update" class="com.pckg.controller.Update">
		<property name="user_Service" ref="userService"/>
	</bean>
	
	<bean name="/updateuser" class="com.pckg.controller.UpdateUser">
		<property name="user_Service" ref="userService"/>
	</bean>

	<bean
		class="org.springframework.web.servlet.view.InternalResourceViewResolver"
		p:prefix="/WEB-INF/jsp/" p:suffix=".jsp" />

	<bean class="org.springframework.web.servlet.view.BeanNameViewResolver"
		p:order="0" />
</beans>