<?xml version="1.0" encoding="UTF-8"?>
<!DOCTYPE hibernate-mapping PUBLIC "-//Hibernate/Hibernate Mapping DTD 3.0//EN"
"http://www.hibernate.org/dtd/hibernate-mapping-3.0.dtd">

<hibernate-mapping>
	<class catalog="DBASSIGN2" table="phonenumber" name="com.pckg.model.Phonenumber"
		optimistic-lock="version">
		<id name="id" type="java.lang.Integer">
			<column name="id" />
			<generator class="identity" />
		</id>
		<property name="phoneNumber" type="string">
			<column name="phoneNumber" length="10" />
		</property>
		<many-to-one name="user" class="com.pckg.model.User"
			fetch="select">
			<column name="user_id" not-null="true" />
		</many-to-one>
	</class>
</hibernate-mapping>