<?xml version="1.0" encoding="UTF-8"?>
<!DOCTYPE hibernate-mapping PUBLIC "-//Hibernate/Hibernate Mapping DTD 3.0//EN"
"http://www.hibernate.org/dtd/hibernate-mapping-3.0.dtd">

<hibernate-mapping>
	<class catalog="DBASSIGN2" table="user" name="com.pckg.model.User"
		optimistic-lock="version">
		<id name="id" type="java.lang.Integer">
			<column name="id" />
			<generator class="identity" />
		</id>
		<property name="FirstName" type="string">
			<column name="FirstName" length="45" />
		</property>
		<property name="LastName" type="string">
			<column name="LastName" length="45" />
		</property>
		<property name="email" type="string">
			<column name="email" length="45" />
		</property>
		<property name="PhoneNumber" type="string">
			<column name="PhoneNumber" length="45" />
		</property>
		<property name="date" type="date">
			<column name="date" />
		</property>
		<property name="role" type="string">
			<column name="role" length="45" />
		</property>
		<set table="phonenumber" name="phonenumbers" fetch="select" lazy="true"
			inverse="true">
			<key>
				<column name="user_id" not-null="true" />
			</key>
			<one-to-many class="com.pckg.model.Phonenumber" />
		</set>
	</class>
</hibernate-mapping>